{
    "plugin-font-family": "\"Segoe UI\"",
    "plugin-font-size": "9pt",
    "plugin-font-weight": "normal",
    "plugin-color": "#1E1E1E",
    "plugin-background-color": "white",
    "plugin-inactive-color": "#A2A4A5",
    "plugin-link-color": "#0E70C0",
    "plugin-link-hover-color": "#007ACC",
    "plugin-link-active-color": "#007ACC",
    "plugin-table-header-color": "#1E1E1E",
    "plugin-table-header-background-color": "#EFEFE2",
    "plugin-table-border-color": "#F0F0F0",
    "plugin-highlight-color": "#FFFFFF",
    "plugin-highlight-background-color": "#3399FF",
    "plugin-scrollbar-background-color": "#E8E8EC",
    "plugin-scrollbar-arrow-color": "#868999",
    "plugin-scrollbar-face-color": "#D0D1D7",
    "plugin-textbox-border-color": "#DBDDE6",
    "plugin-textbox-background-color": "#FFFFFF",
    "plugin-textbox-color": "#1E1E1E",
    "plugin-textbox-disabled-background-color": "#EFEFF2",
    "plugin-textbox-disabled-border-color": "#C6C6C6",
    "plugin-textbox-disabled-color": "#A2A4A5",
    "plugin-treeview-content-inactive-selected-background-color": "#CCCEDB",
    "plugin-treeview-content-inactive-selected-color": "#1E1E1E",
    "plugin-treeview-content-selected-background-color": "#3399FF",
    "plugin-treeview-content-selected-color": "#FFFFFF",
    "plugin-treeview-content-selected-border-color": "#3399FF",
    "plugin-treeview-content-background-color": "#F6F6F6",
    "plugin-treeview-content-color": "#1E1E1E",
    "plugin-treeview-content-mouseover-background-color": "#FFFFFF",
    "plugin-treeview-content-mouseover-color": "#1E1E1E"
}